mese,denominazione_regione,codice_regione,lat,long,notifiche_inviate,utenti_positivi
2020-06-30 00:01:00,Abruzzo,13,42.4564388275,13.871007975,-1,-1
2020-06-30 00:01:00,Campania,15,40.92723816,14.583892388,-1,-1
2020-06-30 00:01:00,Emilia-Romagna,8,44.580836732222224,11.260342458444445,-1,-1
2020-06-30 00:01:00,Estero,-1,-1.0,-1.0,-1,-1
2020-06-30 00:01:00,Friuli Venezia Giulia,6,45.9019810475,13.321282225000001,-1,-1
2020-06-30 00:01:00,Lazio,12,41.964455604,12.74106344,-1,-1
2020-06-30 00:01:00,Liguria,7,44.177938535,8.817461963,-1,-1
2020-06-30 00:01:00,Lombardia,3,45.56078509583333,9.583767741666668,-1,8
2020-06-30 00:01:00,Marche,11,43.368189516,13.436142726,-1,-1
2020-06-30 00:01:00,Calabria,18,38.812980146,16.344182868,-1,-1
2020-06-30 00:01:00,Molise,14,41.5728779,14.44245729,-1,-1
2020-06-30 00:01:00,P.A. Trento,4,46.06893511,11.12123097,-1,-1
2020-06-30 00:01:00,Piemonte,1,45.1920620725,8.212714241625001,-1,-1
2020-06-30 00:01:00,Puglia,16,40.88008174833333,17.009317835,-1,-1
2020-06-30 00:01:00,Sardegna,20,39.86708044,8.8236011314,-1,-1
2020-06-30 00:01:00,Sicilia,19,37.57610475888889,14.274259175555557,-1,-1
2020-06-30 00:01:00,Toscana,9,43.627712522,10.895122839999999,-1,-1
2020-06-30 00:01:00,Umbria,10,42.833735495,12.51746724,-1,-1
2020-06-30 00:01:00,Valle d'Aosta,2,45.73750286,7.320149366,-1,-1
2020-06-30 00:01:00,P.A. Bolzano,4,46.49933453,11.35662422,-1,-1
2020-06-30 00:01:00,Basilicata,17,40.653491145000004,16.20153638,-1,-1
2020-06-30 00:01:00,Veneto,5,45.529245151428576,11.858031792857144,-1,-1
2020-07-31 00:01:00,Marche,11,43.368189516,13.436142726,-1,-1
2020-07-31 00:01:00,Calabria,18,38.812980146,16.344182868,-1,-1
2020-07-31 00:01:00,Puglia,16,40.88008174833333,17.009317835,-1,-1
2020-07-31 00:01:00,Piemonte,1,45.1920620725,8.212714241625001,-1,-1
2020-07-31 00:01:00,P.A. Trento,4,46.06893511,11.12123097,8,-1
2020-07-31 00:01:00,Molise,14,41.5728779,14.44245729,-1,-1
2020-07-31 00:01:00,Abruzzo,13,42.4564388275,13.871007975,-1,-1
2020-07-31 00:01:00,Sardegna,20,39.86708044,8.8236011314,-1,-1
2020-07-31 00:01:00,Campania,15,40.92723816000001,14.583892388,-1,-1
2020-07-31 00:01:00,Veneto,5,45.529245151428576,11.858031792857144,-1,-1
2020-07-31 00:01:00,Lombardia,3,45.56078509583333,9.583767741666668,52,15
2020-07-31 00:01:00,Liguria,7,44.177938535,8.817461962999998,17,-1
2020-07-31 00:01:00,Emilia-Romagna,8,44.580836732222224,11.260342458444445,8,-1
2020-07-31 00:01:00,Lazio,12,41.964455604,12.74106344,7,-1
2020-07-31 00:01:00,Friuli Venezia Giulia,6,45.9019810475,13.321282225000001,-1,-1
2020-07-31 00:01:00,Valle d'Aosta,2,45.73750286,7.320149366,-1,-1
2020-07-31 00:01:00,Sicilia,19,37.57610475888889,14.274259175555555,-1,-1
2020-07-31 00:01:00,P.A. Bolzano,4,46.49933453,11.35662422,-1,-1
2020-07-31 00:01:00,Estero,-1,-1.0,-1.0,-1,-1
2020-07-31 00:01:00,Umbria,10,42.833735495,12.51746724,-1,-1
2020-07-31 00:01:00,Basilicata,17,40.653491145000004,16.20153638,-1,-1
2020-07-31 00:01:00,Toscana,9,43.627712522,10.895122839999999,-1,-1
2020-08-31 00:01:00,Veneto,5,45.529245151428576,11.858031792857144,59,-1
2020-08-31 00:01:00,Estero,-1,-1.0,-1.0,-1,-1
2020-08-31 00:01:00,P.A. Bolzano,4,46.49933453,11.35662422,44,-1
2020-08-31 00:01:00,Lombardia,3,45.56078509583333,9.583767741666668,397,32
2020-08-31 00:01:00,P.A. Trento,4,46.06893511,11.12123097,16,-1
2020-08-31 00:01:00,Abruzzo,13,42.4564388275,13.871007975,185,-1
2020-08-31 00:01:00,Liguria,7,44.177938535,8.817461962999998,107,8
2020-08-31 00:01:00,Valle d'Aosta,2,45.73750286,7.320149366,-1,-1
2020-08-31 00:01:00,Piemonte,1,45.1920620725,8.212714241625001,98,-1
2020-08-31 00:01:00,Molise,14,41.5728779,14.44245729,-1,-1
2020-08-31 00:01:00,Lazio,12,41.964455604,12.74106344,141,8
2020-08-31 00:01:00,Basilicata,17,40.653491145000004,16.20153638,-1,-1
2020-08-31 00:01:00,Puglia,16,40.88008174833333,17.009317835,141,-1
2020-08-31 00:01:00,Emilia-Romagna,8,44.580836732222224,11.260342458444445,202,11
2020-08-31 00:01:00,Calabria,18,38.812980146,16.344182868,-1,-1
2020-08-31 00:01:00,Campania,15,40.92723816000001,14.583892388,27,-1
2020-08-31 00:01:00,Sicilia,19,37.57610475888889,14.274259175555555,-1,-1
2020-08-31 00:01:00,Friuli Venezia Giulia,6,45.9019810475,13.321282225000001,16,-1
2020-08-31 00:01:00,Sardegna,20,39.86708044,8.8236011314,114,7
2020-08-31 00:01:00,Umbria,10,42.833735495,12.51746724,13,-1
2020-08-31 00:01:00,Marche,11,43.368189516,13.436142726,217,9
2020-08-31 00:01:00,Toscana,9,43.627712522,10.895122839999999,104,10
2020-09-30 00:01:00,Umbria,10,42.833735495,12.51746724,27,-1
2020-09-30 00:01:00,Liguria,7,44.177938535,8.817461963,89,7
2020-09-30 00:01:00,Lombardia,3,45.56078509583333,9.583767741666668,936,59
2020-09-30 00:01:00,Basilicata,17,40.653491145000004,16.20153638,47,-1
2020-09-30 00:01:00,Lazio,12,41.964455604,12.74106344,390,17
2020-09-30 00:01:00,Emilia-Romagna,8,44.580836732222224,11.260342458444445,281,16
2020-09-30 00:01:00,Friuli Venezia Giulia,6,45.9019810475,13.321282225000001,12,-1
2020-09-30 00:01:00,Estero,-1,-1.0,-1.0,-1,-1
2020-09-30 00:01:00,Valle d'Aosta,2,45.73750286,7.320149366,8,-1
2020-09-30 00:01:00,Marche,11,43.368189516,13.436142725999998,158,7
2020-09-30 00:01:00,Campania,15,40.92723816,14.583892388,43,-1
2020-09-30 00:01:00,Veneto,5,45.529245151428576,11.858031792857144,69,-1
2020-09-30 00:01:00,Toscana,9,43.627712522,10.895122839999999,363,11
2020-09-30 00:01:00,Molise,14,41.5728779,14.44245729,-1,-1
2020-09-30 00:01:00,Sardegna,20,39.86708044,8.8236011314,112,10
2020-09-30 00:01:00,P.A. Bolzano,4,46.499334530000006,11.356624219999999,58,-1
2020-09-30 00:01:00,Sicilia,19,37.57610475888889,14.274259175555557,58,-1
2020-09-30 00:01:00,P.A. Trento,4,46.06893511,11.12123097,55,-1
2020-09-30 00:01:00,Puglia,16,40.88008174833333,17.009317835,128,6
2020-09-30 00:01:00,Abruzzo,13,42.4564388275,13.871007975,129,10
2020-09-30 00:01:00,Piemonte,1,45.1920620725,8.212714241625001,256,12
2020-09-30 00:01:00,Calabria,18,38.812980146,16.344182868,18,-1
2020-10-31 00:01:00,Sardegna,20,39.86708044,8.8236011314,651,18
2020-10-31 00:01:00,Estero,-1,-1.0,-1.0,31,-1
2020-10-31 00:01:00,Puglia,16,40.88008174833333,17.009317835,1270,45
2020-10-31 00:01:00,Friuli Venezia Giulia,6,45.9019810475,13.321282225000001,418,24
2020-10-31 00:01:00,Sicilia,19,37.57610475888889,14.274259175555555,1244,36
2020-10-31 00:01:00,Lazio,12,41.964455604,12.74106344,7249,216
2020-10-31 00:01:00,Piemonte,1,45.1920620725,8.212714241625001,5491,172
2020-10-31 00:01:00,Marche,11,43.368189516,13.436142726,1113,65
2020-10-31 00:01:00,P.A. Trento,4,46.06893511,11.12123097,709,43
2020-10-31 00:01:00,Liguria,7,44.177938535,8.817461962999998,1877,95
2020-10-31 00:01:00,Valle d'Aosta,2,45.73750286,7.320149366,249,37
2020-10-31 00:01:00,P.A. Bolzano,4,46.49933453,11.35662422,1682,57
2020-10-31 00:01:00,Molise,14,41.5728779,14.44245729,39,-1
2020-10-31 00:01:00,Lombardia,3,45.56078509583333,9.583767741666668,14807,433
2020-10-31 00:01:00,Toscana,9,43.627712522,10.895122839999999,4577,256
2020-10-31 00:01:00,Veneto,5,45.529245151428576,11.858031792857144,2982,71
2020-10-31 00:01:00,Abruzzo,13,42.4564388275,13.871007975,1361,77
2020-10-31 00:01:00,Umbria,10,42.833735495,12.51746724,479,24
2020-10-31 00:01:00,Emilia-Romagna,8,44.580836732222224,11.260342458444445,8157,256
2020-10-31 00:01:00,Basilicata,17,40.653491145000004,16.20153638,91,-1
2020-10-31 00:01:00,Calabria,18,38.812980146,16.344182868,181,-1
2020-10-31 00:01:00,Campania,15,40.92723816000001,14.583892388,1141,-1
2020-11-30 00:01:00,Puglia,16,40.88008174833333,17.009317835,356,55
2020-11-30 00:01:00,Toscana,9,43.627712522,10.895122839999999,3693,880
2020-11-30 00:01:00,Calabria,18,38.812980146,16.344182868,41,-1
2020-11-30 00:01:00,Valle d'Aosta,2,45.73750286,7.320149366,199,91
2020-11-30 00:01:00,Abruzzo,13,42.4564388275,13.871007975,539,260
2020-11-30 00:01:00,Piemonte,1,45.1920620725,8.212714241625001,1429,206
2020-11-30 00:01:00,Campania,15,40.92723816,14.583892388,153,13
2020-11-30 00:01:00,P.A. Trento,4,46.06893511,11.12123097,116,20
2020-11-30 00:01:00,Lombardia,3,45.56078509583333,9.583767741666668,3716,698
2020-11-30 00:01:00,Liguria,7,44.177938535,8.817461963,797,136
2020-11-30 00:01:00,Marche,11,43.368189516,13.436142725999998,229,51
2020-11-30 00:01:00,Emilia-Romagna,8,44.580836732222224,11.260342458444445,3679,604
2020-11-30 00:01:00,Estero,-1,-1.0,-1.0,11,-1
2020-11-30 00:01:00,Basilicata,17,40.653491145000004,16.20153638,39,13
2020-11-30 00:01:00,Umbria,10,42.833735495,12.51746724,109,10
2020-11-30 00:01:00,Molise,14,41.5728779,14.44245729,15,-1
2020-11-30 00:01:00,Lazio,12,41.964455604,12.74106344,2199,296
2020-11-30 00:01:00,P.A. Bolzano,4,46.499334530000006,11.356624219999999,282,31
2020-11-30 00:01:00,Veneto,5,45.529245151428576,11.858031792857144,873,112
2020-11-30 00:01:00,Sardegna,20,39.86708044,8.8236011314,66,6
2020-11-30 00:01:00,Sicilia,19,37.57610475888889,14.274259175555557,259,53
2020-11-30 00:01:00,Friuli Venezia Giulia,6,45.9019810475,13.321282225000001,65,13
2020-12-31 00:01:00,Liguria,7,44.177938535,8.817461962999998,64,43
2020-12-31 00:01:00,Piemonte,1,45.1920620725,8.212714241625001,194,114
2020-12-31 00:01:00,Campania,15,40.92723816000001,14.583892388,53,23
2020-12-31 00:01:00,Marche,11,43.368189516,13.436142726,45,23
2020-12-31 00:01:00,Calabria,18,38.812980146,16.344182868,10,-1
2020-12-31 00:01:00,P.A. Bolzano,4,46.49933453,11.35662422,12,7
2020-12-31 00:01:00,Lazio,12,41.964455604,12.74106344,545,265
2020-12-31 00:01:00,Puglia,16,40.88008174833333,17.009317835,67,11
2020-12-31 00:01:00,Valle d'Aosta,2,45.73750286,7.320149366,25,15
2020-12-31 00:01:00,Friuli Venezia Giulia,6,45.9019810475,13.321282225000001,86,65
2020-12-31 00:01:00,Sardegna,20,39.86708044,8.8236011314,11,-1
2020-12-31 00:01:00,Emilia-Romagna,8,44.580836732222224,11.260342458444445,1531,641
2020-12-31 00:01:00,Basilicata,17,40.653491145000004,16.20153638,11,15
2020-12-31 00:01:00,Umbria,10,42.833735495,12.51746724,9,-1
2020-12-31 00:01:00,Molise,14,41.5728779,14.44245729,-1,-1
2020-12-31 00:01:00,P.A. Trento,4,46.06893511,11.12123097,20,21
2020-12-31 00:01:00,Estero,-1,-1.0,-1.0,-1,-1
2020-12-31 00:01:00,Sicilia,19,37.57610475888889,14.274259175555555,22,9
2020-12-31 00:01:00,Veneto,5,45.529245151428576,11.858031792857144,194,64
2020-12-31 00:01:00,Lombardia,3,45.56078509583333,9.583767741666668,815,310
2020-12-31 00:01:00,Toscana,9,43.627712522,10.895122839999999,222,126
2020-12-31 00:01:00,Abruzzo,13,42.4564388275,13.871007975,202,139
2021-01-31 00:01:00,Basilicata,17,40.653491145000004,16.20153638,30,20
2021-01-31 00:01:00,Valle d'Aosta,2,45.73750286,7.320149366,9,20
2021-01-31 00:01:00,Emilia-Romagna,8,44.580836732222224,11.260342458444445,490,586
2021-01-31 00:01:00,P.A. Bolzano,4,46.49933453,11.35662422,23,9
2021-01-31 00:01:00,Friuli Venezia Giulia,6,45.9019810475,13.321282225000001,24,107
2021-01-31 00:01:00,Veneto,5,45.529245151428576,11.858031792857144,19,36
2021-01-31 00:01:00,Campania,15,40.92723816000001,14.583892388,41,81
2021-01-31 00:01:00,Molise,14,41.5728779,14.44245729,9,-1
2021-01-31 00:01:00,P.A. Trento,4,46.06893511,11.12123097,21,31
2021-01-31 00:01:00,Lazio,12,41.964455604,12.74106344,385,533
2021-01-31 00:01:00,Marche,11,43.368189516,13.436142726,42,71
2021-01-31 00:01:00,Estero,-1,-1.0,-1.0,-1,-1
2021-01-31 00:01:00,Sardegna,20,39.86708044,8.8236011314,8,8
2021-01-31 00:01:00,Piemonte,1,45.1920620725,8.212714241625001,47,39
2021-01-31 00:01:00,Lombardia,3,45.56078509583333,9.583767741666668,304,378
2021-01-31 00:01:00,Umbria,10,42.833735495,12.51746724,13,14
2021-01-31 00:01:00,Liguria,7,44.177938535,8.817461962999998,38,65
2021-01-31 00:01:00,Abruzzo,13,42.4564388275,13.871007975,104,173
2021-01-31 00:01:00,Calabria,18,38.812980146,16.344182868,-1,-1
2021-01-31 00:01:00,Puglia,16,40.88008174833333,17.009317835,26,23
2021-01-31 00:01:00,Toscana,9,43.627712522,10.895122839999999,129,134
2021-01-31 00:01:00,Sicilia,19,37.57610475888889,14.274259175555555,-1,6
2021-02-28 00:01:00,Lombardia,3,45.56078509583333,9.583767741666668,929,466
2021-02-28 00:01:00,Molise,14,41.5728779,14.442457290000002,6,-1
2021-02-28 00:01:00,Sardegna,20,39.86708044,8.8236011314,20,13
2021-02-28 00:01:00,Liguria,7,44.177938535,8.817461963,91,53
2021-02-28 00:01:00,Veneto,5,45.529245151428576,11.858031792857144,65,7
2021-02-28 00:01:00,Emilia-Romagna,8,44.580836732222224,11.260342458444445,1576,682
2021-02-28 00:01:00,P.A. Trento,4,46.06893511,11.12123097,14,18
2021-02-28 00:01:00,Puglia,16,40.88008174833333,17.009317835,113,69
2021-02-28 00:01:00,Estero,-1,-1.0,-1.0,-1,-1
2021-02-28 00:01:00,Abruzzo,13,42.4564388275,13.871007975,248,176
2021-02-28 00:01:00,Toscana,9,43.627712522,10.895122839999999,327,194
2021-02-28 00:01:00,Marche,11,43.368189515999994,13.436142726,266,164
2021-02-28 00:01:00,Sicilia,19,37.57610475888889,14.274259175555557,36,36
2021-02-28 00:01:00,Friuli Venezia Giulia,6,45.9019810475,13.321282225000001,95,56
2021-02-28 00:01:00,Calabria,18,38.81298014600001,16.344182868,8,-1
2021-02-28 00:01:00,Basilicata,17,40.65349114500001,16.20153638,45,14
2021-02-28 00:01:00,Piemonte,1,45.1920620725,8.212714241625001,323,168
2021-02-28 00:01:00,Valle d'Aosta,2,45.73750286,7.320149366,6,7
2021-02-28 00:01:00,Campania,15,40.92723816,14.583892388,146,86
2021-02-28 00:01:00,P.A. Bolzano,4,46.49933453,11.35662422,8,-1
2021-02-28 00:01:00,Umbria,10,42.833735495,12.51746724,49,31
2021-02-28 00:01:00,Lazio,12,41.964455604,12.74106344,959,561
2021-03-31 00:01:00,Liguria,7,44.177938535,8.817461962999998,44,25
2021-03-31 00:01:00,Puglia,16,40.88008174833333,17.009317835,79,64
2021-03-31 00:01:00,P.A. Trento,4,46.06893511,11.12123097,26,26
2021-03-31 00:01:00,Lombardia,3,45.56078509583333,9.583767741666668,1014,535
2021-03-31 00:01:00,Emilia-Romagna,8,44.580836732222224,11.260342458444445,947,640
2021-03-31 00:01:00,P.A. Bolzano,4,46.49933453,11.35662422,-1,-1
2021-03-31 00:01:00,Estero,-1,-1.0,-1.0,-1,-1
2021-03-31 00:01:00,Lazio,12,41.964455604,12.74106344,243,195
2021-03-31 00:01:00,Veneto,5,45.529245151428576,11.858031792857144,144,94
2021-03-31 00:01:00,Sardegna,20,39.86708044,8.8236011314,38,22
2021-03-31 00:01:00,Molise,14,41.5728779,14.44245729,-1,-1
2021-03-31 00:01:00,Marche,11,43.368189516,13.436142726,242,195
2021-03-31 00:01:00,Toscana,9,43.627712522,10.895122839999999,250,193
2021-03-31 00:01:00,Piemonte,1,45.1920620725,8.212714241625001,442,298
2021-03-31 00:01:00,Calabria,18,38.812980146,16.344182868,10,-1
2021-03-31 00:01:00,Campania,15,40.92723816000001,14.583892388,107,98
2021-03-31 00:01:00,Friuli Venezia Giulia,6,45.9019810475,13.321282225000001,71,83
2021-03-31 00:01:00,Umbria,10,42.833735495,12.51746724,12,15
2021-03-31 00:01:00,Abruzzo,13,42.4564388275,13.871007975,95,82
2021-03-31 00:01:00,Valle d'Aosta,2,45.73750286,7.320149366,8,8
2021-03-31 00:01:00,Basilicata,17,40.653491145000004,16.20153638,27,19
2021-03-31 00:01:00,Sicilia,19,37.57610475888889,14.274259175555555,64,66
2021-04-30 00:01:00,Marche,11,43.368189516,13.436142725999998,81,91
2021-04-30 00:01:00,Abruzzo,13,42.4564388275,13.871007975,63,85
2021-04-30 00:01:00,Campania,15,40.92723816,14.583892388,130,183
2021-04-30 00:01:00,Sicilia,19,37.57610475888889,14.274259175555557,138,424
2021-04-30 00:01:00,Molise,14,41.5728779,14.44245729,9,6
2021-04-30 00:01:00,Emilia-Romagna,8,44.580836732222224,11.260342458444445,537,377
2021-04-30 00:01:00,Toscana,9,43.627712522,10.895122839999999,277,238
2021-04-30 00:01:00,Valle d'Aosta,2,45.73750286,7.320149366,19,13
2021-04-30 00:01:00,Friuli Venezia Giulia,6,45.9019810475,13.321282225000001,37,50
2021-04-30 00:01:00,Basilicata,17,40.653491145000004,16.20153638,24,48
2021-04-30 00:01:00,Lombardia,3,45.56078509583333,9.583767741666668,533,399
2021-04-30 00:01:00,Lazio,12,41.964455604,12.74106344,77,72
2021-04-30 00:01:00,Calabria,18,38.812980146,16.344182868,8,-1
2021-04-30 00:01:00,P.A. Bolzano,4,46.499334530000006,11.356624219999999,-1,-1
2021-04-30 00:01:00,Piemonte,1,45.1920620725,8.212714241625001,166,131
2021-04-30 00:01:00,Liguria,7,44.177938535,8.817461963,94,88
2021-04-30 00:01:00,P.A. Trento,4,46.06893511,11.12123097,13,18
2021-04-30 00:01:00,Veneto,5,45.529245151428576,11.858031792857144,115,134
2021-04-30 00:01:00,Umbria,10,42.833735495,12.51746724,6,10
2021-04-30 00:01:00,Sardegna,20,39.86708044,8.8236011314,49,66
2021-04-30 00:01:00,Puglia,16,40.88008174833333,17.009317835,145,144
2021-04-30 00:01:00,Estero,-1,-1.0,-1.0,-1,-1
2021-05-31 00:01:00,P.A. Trento,4,46.06893511,11.12123097,16,11
2021-05-31 00:01:00,P.A. Bolzano,4,46.49933453,11.35662422,13,-1
2021-05-31 00:01:00,Piemonte,1,45.1920620725,8.212714241625001,29,21
2021-05-31 00:01:00,Molise,14,41.5728779,14.44245729,-1,-1
2021-05-31 00:01:00,Calabria,18,38.812980146,16.344182868,-1,-1
2021-05-31 00:01:00,Puglia,16,40.88008174833333,17.009317835,52,44
2021-05-31 00:01:00,Marche,11,43.368189516,13.436142726,55,52
2021-05-31 00:01:00,Emilia-Romagna,8,44.580836732222224,11.260342458444445,239,142
2021-05-31 00:01:00,Basilicata,17,40.653491145000004,16.20153638,14,26
2021-05-31 00:01:00,Liguria,7,44.177938535,8.817461962999998,31,26
2021-05-31 00:01:00,Toscana,9,43.627712522,10.895122839999999,156,100
2021-05-31 00:01:00,Sardegna,20,39.86708044,8.8236011314,8,17
2021-05-31 00:01:00,Valle d'Aosta,2,45.73750286,7.320149366,9,-1
2021-05-31 00:01:00,Sicilia,19,37.57610475888889,14.274259175555555,61,230
2021-05-31 00:01:00,Estero,-1,-1.0,-1.0,-1,-1
2021-05-31 00:01:00,Friuli Venezia Giulia,6,45.9019810475,13.321282225000001,15,16
2021-05-31 00:01:00,Lombardia,3,45.56078509583333,9.583767741666668,396,168
2021-05-31 00:01:00,Umbria,10,42.833735495,12.51746724,-1,6
2021-05-31 00:01:00,Campania,15,40.92723816000001,14.583892388,58,79
2021-05-31 00:01:00,Veneto,5,45.529245151428576,11.858031792857144,22,29
2021-05-31 00:01:00,Abruzzo,13,42.4564388275,13.871007975,30,34
2021-05-31 00:01:00,Lazio,12,41.964455604,12.74106344,79,69
2021-06-30 00:01:00,Puglia,16,40.88008174833333,17.009317835,13,15
2021-06-30 00:01:00,Sicilia,19,37.57610475888889,14.274259175555557,-1,6
2021-06-30 00:01:00,Toscana,9,43.627712522,10.895122839999999,40,29
2021-06-30 00:01:00,P.A. Bolzano,4,46.499334530000006,11.356624219999999,8,-1
2021-06-30 00:01:00,Piemonte,1,45.1920620725,8.212714241625001,10,-1
2021-06-30 00:01:00,Liguria,7,44.177938535,8.817461963,7,-1
2021-06-30 00:01:00,Friuli Venezia Giulia,6,45.9019810475,13.321282225000001,-1,-1
2021-06-30 00:01:00,Lazio,12,41.964455604,12.74106344,36,10
2021-06-30 00:01:00,Calabria,18,38.812980146,16.344182868,-1,-1
2021-06-30 00:01:00,Basilicata,17,40.653491145000004,16.20153638,-1,6
2021-06-30 00:01:00,Estero,-1,-1.0,-1.0,-1,-1
2021-06-30 00:01:00,Umbria,10,42.833735495,12.51746724,-1,-1
2021-06-30 00:01:00,P.A. Trento,4,46.06893511,11.12123097,6,-1
2021-06-30 00:01:00,Marche,11,43.368189516,13.436142725999998,-1,13
2021-06-30 00:01:00,Lombardia,3,45.56078509583333,9.583767741666668,132,39
2021-06-30 00:01:00,Abruzzo,13,42.4564388275,13.871007975,21,11
2021-06-30 00:01:00,Veneto,5,45.529245151428576,11.858031792857144,16,-1
2021-06-30 00:01:00,Campania,15,40.92723816,14.583892388,17,12
2021-06-30 00:01:00,Valle d'Aosta,2,45.73750286,7.320149366,-1,-1
2021-06-30 00:01:00,Sardegna,20,39.86708044,8.8236011314,9,-1
2021-06-30 00:01:00,Emilia-Romagna,8,44.580836732222224,11.260342458444445,50,36
2021-06-30 00:01:00,Molise,14,41.5728779,14.44245729,-1,-1
2021-07-31 00:01:00,Estero,-1,-1.0,-1.0,29,-1
2021-07-31 00:01:00,Valle d'Aosta,2,45.73750286,7.320149366,-1,-1
2021-07-31 00:01:00,Toscana,9,43.627712522,10.895122839999999,348,128
2021-07-31 00:01:00,Calabria,18,38.812980146,16.344182868,23,-1
2021-07-31 00:01:00,P.A. Trento,4,46.06893511,11.12123097,20,-1
2021-07-31 00:01:00,Friuli Venezia Giulia,6,45.9019810475,13.321282225000001,38,6
2021-07-31 00:01:00,Puglia,16,40.88008174833333,17.009317835,136,21
2021-07-31 00:01:00,Abruzzo,13,42.4564388275,13.871007975,96,57
2021-07-31 00:01:00,Sicilia,19,37.57610475888889,14.274259175555555,263,313
2021-07-31 00:01:00,Marche,11,43.368189516,13.436142726,74,36
2021-07-31 00:01:00,Lombardia,3,45.56078509583333,9.583767741666668,654,83
2021-07-31 00:01:00,Molise,14,41.5728779,14.44245729,9,-1
2021-07-31 00:01:00,Sardegna,20,39.86708044,8.8236011314,135,68
2021-07-31 00:01:00,Umbria,10,42.833735495,12.51746724,35,11
2021-07-31 00:01:00,Emilia-Romagna,8,44.580836732222224,11.260342458444445,355,124
2021-07-31 00:01:00,Campania,15,40.92723816000001,14.583892388,128,27
2021-07-31 00:01:00,Liguria,7,44.177938535,8.817461962999998,79,20
2021-07-31 00:01:00,Basilicata,17,40.653491145000004,16.20153638,17,-1
2021-07-31 00:01:00,Veneto,5,45.529245151428576,11.858031792857144,270,119
2021-07-31 00:01:00,Lazio,12,41.964455604,12.74106344,327,16
2021-07-31 00:01:00,P.A. Bolzano,4,46.49933453,11.35662422,26,-1
2021-07-31 00:01:00,Piemonte,1,45.1920620725,8.212714241625001,199,62
2021-08-31 00:01:00,Piemonte,1,45.1920620725,8.212714241625001,404,202
2021-08-31 00:01:00,Sicilia,19,37.57610475888889,14.274259175555555,715,1266
2021-08-31 00:01:00,Basilicata,17,40.653491145000004,16.20153638,27,24
2021-08-31 00:01:00,Sardegna,20,39.86708044,8.8236011314,264,333
2021-08-31 00:01:00,Toscana,9,43.627712522,10.895122839999999,506,286
2021-08-31 00:01:00,Puglia,16,40.88008174833333,17.009317835,216,52
2021-08-31 00:01:00,Umbria,10,42.833735495,12.51746724,68,40
2021-08-31 00:01:00,Emilia-Romagna,8,44.580836732222224,11.260342458444445,590,317
2021-08-31 00:01:00,Veneto,5,45.529245151428576,11.858031792857144,566,255
2021-08-31 00:01:00,Estero,-1,-1.0,-1.0,10,-1
2021-08-31 00:01:00,Friuli Venezia Giulia,6,45.9019810475,13.321282225000001,81,33
2021-08-31 00:01:00,Calabria,18,38.812980146,16.344182868,28,-1
2021-08-31 00:01:00,P.A. Bolzano,4,46.49933453,11.35662422,59,-1
2021-08-31 00:01:00,Molise,14,41.5728779,14.44245729,-1,-1
2021-08-31 00:01:00,Lombardia,3,45.56078509583333,9.583767741666668,1153,131
2021-08-31 00:01:00,Marche,11,43.368189516,13.436142726,199,103
2021-08-31 00:01:00,Campania,15,40.92723816000001,14.583892388,403,84
2021-08-31 00:01:00,Liguria,7,44.177938535,8.817461962999998,102,47
2021-08-31 00:01:00,P.A. Trento,4,46.06893511,11.12123097,49,6
2021-08-31 00:01:00,Abruzzo,13,42.4564388275,13.871007975,170,107
2021-08-31 00:01:00,Lazio,12,41.964455604,12.74106344,427,39
2021-08-31 00:01:00,Valle d'Aosta,2,45.73750286,7.320149366,-1,-1
2021-09-30 00:01:00,Friuli Venezia Giulia,6,45.9019810475,13.321282225000001,91,32
2021-09-30 00:01:00,Valle d'Aosta,2,45.73750286,7.320149366,-1,-1
2021-09-30 00:01:00,Sardegna,20,39.86708044,8.8236011314,106,94
2021-09-30 00:01:00,Molise,14,41.5728779,14.44245729,-1,-1
2021-09-30 00:01:00,Abruzzo,13,42.4564388275,13.871007975,78,76
2021-09-30 00:01:00,Sicilia,19,37.57610475888889,14.274259175555557,344,712
2021-09-30 00:01:00,Veneto,5,45.529245151428576,11.858031792857144,322,176
2021-09-30 00:01:00,Lazio,12,41.964455604,12.74106344,189,12
2021-09-30 00:01:00,Basilicata,17,40.653491145000004,16.20153638,35,23
2021-09-30 00:01:00,Estero,-1,-1.0,-1.0,19,-1
2021-09-30 00:01:00,Piemonte,1,45.1920620725,8.212714241625001,218,211
2021-09-30 00:01:00,Emilia-Romagna,8,44.580836732222224,11.260342458444445,325,212
2021-09-30 00:01:00,Liguria,7,44.177938535,8.817461963,73,27
2021-09-30 00:01:00,Umbria,10,42.833735495,12.51746724,22,12
2021-09-30 00:01:00,P.A. Trento,4,46.06893511,11.12123097,28,-1
2021-09-30 00:01:00,Toscana,9,43.627712522,10.895122839999999,243,88
2021-09-30 00:01:00,Campania,15,40.92723816,14.583892388,226,47
2021-09-30 00:01:00,Calabria,18,38.812980146,16.344182868,33,-1
2021-09-30 00:01:00,Lombardia,3,45.56078509583333,9.583767741666668,587,66
2021-09-30 00:01:00,Puglia,16,40.88008174833333,17.009317835,98,28
2021-09-30 00:01:00,P.A. Bolzano,4,46.499334530000006,11.356624219999999,61,-1
2021-09-30 00:01:00,Marche,11,43.368189516,13.436142725999998,106,47
2021-10-31 00:01:00,Basilicata,17,40.653491145000004,16.20153638,-1,13
2021-10-31 00:01:00,P.A. Trento,4,46.06893511,11.12123097,46,-1
2021-10-31 00:01:00,Lazio,12,41.964455604,12.74106344,142,22
2021-10-31 00:01:00,Lombardia,3,45.56078509583333,9.583767741666668,416,71
2021-10-31 00:01:00,Liguria,7,44.177938535,8.817461962999998,48,16
2021-10-31 00:01:00,Puglia,16,40.88008174833333,17.009317835,74,8
2021-10-31 00:01:00,Campania,15,40.92723816000001,14.583892388,132,47
2021-10-31 00:01:00,Sardegna,20,39.86708044,8.8236011314,34,13
2021-10-31 00:01:00,Calabria,18,38.812980146,16.344182868,25,-1
2021-10-31 00:01:00,Abruzzo,13,42.4564388275,13.871007975,45,56
2021-10-31 00:01:00,Toscana,9,43.627712522,10.895122839999999,163,78
2021-10-31 00:01:00,Marche,11,43.368189516,13.436142726,26,20
2021-10-31 00:01:00,Piemonte,1,45.1920620725,8.212714241625001,107,164
2021-10-31 00:01:00,Estero,-1,-1.0,-1.0,42,-1
2021-10-31 00:01:00,P.A. Bolzano,4,46.49933453,11.35662422,93,-1
2021-10-31 00:01:00,Veneto,5,45.529245151428576,11.858031792857144,351,138
2021-10-31 00:01:00,Friuli Venezia Giulia,6,45.9019810475,13.321282225000001,79,40
2021-10-31 00:01:00,Umbria,10,42.833735495,12.51746724,19,7
2021-10-31 00:01:00,Valle d'Aosta,2,45.73750286,7.320149366,-1,-1
2021-10-31 00:01:00,Sicilia,19,37.57610475888889,14.274259175555555,103,244
2021-10-31 00:01:00,Emilia-Romagna,8,44.580836732222224,11.260342458444445,182,162
2021-10-31 00:01:00,Molise,14,41.5728779,14.44245729,8,-1
2021-11-30 00:01:00,Toscana,9,43.627712522,10.895122839999999,523,123
2021-11-30 00:01:00,Sardegna,20,39.86708044,8.8236011314,155,39
2021-11-30 00:01:00,Emilia-Romagna,8,44.580836732222224,11.260342458444445,1007,454
2021-11-30 00:01:00,Veneto,5,45.529245151428576,11.858031792857144,1213,493
2021-11-30 00:01:00,Estero,-1,-1.0,-1.0,218,-1
2021-11-30 00:01:00,Lazio,12,41.964455604,12.74106344,658,47
2021-11-30 00:01:00,Friuli Venezia Giulia,6,45.9019810475,13.321282225000001,310,204
2021-11-30 00:01:00,Sicilia,19,37.57610475888889,14.274259175555557,527,459
2021-11-30 00:01:00,Abruzzo,13,42.4564388275,13.871007975,208,167
2021-11-30 00:01:00,Campania,15,40.92723816,14.583892388,432,114
2021-11-30 00:01:00,Basilicata,17,40.653491145000004,16.20153638,32,17
2021-11-30 00:01:00,P.A. Trento,4,46.06893511,11.12123097,94,-1
2021-11-30 00:01:00,Marche,11,43.368189516,13.436142725999998,237,162
2021-11-30 00:01:00,Valle d'Aosta,2,45.73750286,7.320149366,16,-1
2021-11-30 00:01:00,Lombardia,3,45.56078509583333,9.583767741666668,1876,277
2021-11-30 00:01:00,P.A. Bolzano,4,46.499334530000006,11.356624219999999,539,15
2021-11-30 00:01:00,Calabria,18,38.812980146,16.344182868,86,8
2021-11-30 00:01:00,Liguria,7,44.177938535,8.817461963,181,45
2021-11-30 00:01:00,Molise,14,41.5728779,14.44245729,7,-1
2021-11-30 00:01:00,Piemonte,1,45.1920620725,8.212714241625001,640,453
2021-11-30 00:01:00,Umbria,10,42.833735495,12.51746724,62,19
2021-11-30 00:01:00,Puglia,16,40.88008174833333,17.009317835,265,28
2021-12-31 00:01:00,Calabria,18,38.812980146,16.344182868,122,25
2021-12-31 00:01:00,Friuli Venezia Giulia,6,45.9019810475,13.321282225000001,387,354
2021-12-31 00:01:00,Marche,11,43.368189516,13.436142726,839,648
2021-12-31 00:01:00,Molise,14,41.5728779,14.44245729,24,-1
2021-12-31 00:01:00,P.A. Bolzano,4,46.49933453,11.35662422,229,15
2021-12-31 00:01:00,Sicilia,19,37.57610475888889,14.274259175555555,2094,3050
2021-12-31 00:01:00,Veneto,5,45.529245151428576,11.858031792857144,2160,1896
2021-12-31 00:01:00,Abruzzo,13,42.4564388275,13.871007975,557,689
2021-12-31 00:01:00,Sardegna,20,39.86708044,8.8236011314,189,108
2021-12-31 00:01:00,Puglia,16,40.88008174833333,17.009317835,438,153
2021-12-31 00:01:00,P.A. Trento,4,46.06893511,11.12123097,91,6
2021-12-31 00:01:00,Liguria,7,44.177938535,8.817461962999998,312,225
2021-12-31 00:01:00,Basilicata,17,40.653491145000004,16.20153638,165,175
2021-12-31 00:01:00,Emilia-Romagna,8,44.580836732222224,11.260342458444445,2339,2088
2021-12-31 00:01:00,Estero,-1,-1.0,-1.0,51,15
2021-12-31 00:01:00,Campania,15,40.92723816000001,14.583892388,1358,800
2021-12-31 00:01:00,Valle d'Aosta,2,45.73750286,7.320149366,34,30
2021-12-31 00:01:00,Lazio,12,41.964455604,12.74106344,1042,259
2021-12-31 00:01:00,Lombardia,3,45.56078509583333,9.583767741666668,5176,1685
2021-12-31 00:01:00,Toscana,9,43.627712522,10.895122839999999,2197,1552
2021-12-31 00:01:00,Umbria,10,42.833735495,12.51746724,218,187
2021-12-31 00:01:00,Piemonte,1,45.1920620725,8.212714241625001,2142,2273
2022-01-31 00:01:00,Toscana,9,43.627712522,10.895122839999999,3378,2902
2022-01-31 00:01:00,Umbria,10,42.833735495,12.51746724,319,313
2022-01-31 00:01:00,P.A. Trento,4,46.06893511,11.12123097,381,10
2022-01-31 00:01:00,Molise,14,41.5728779,14.44245729,26,15
2022-01-31 00:01:00,P.A. Bolzano,4,46.49933453,11.35662422,1637,31
2022-01-31 00:01:00,Emilia-Romagna,8,44.580836732222224,11.260342458444445,4691,5277
2022-01-31 00:01:00,Friuli Venezia Giulia,6,45.9019810475,13.321282225000001,876,638
2022-01-31 00:01:00,Piemonte,1,45.1920620725,8.212714241625001,3033,3269
2022-01-31 00:01:00,Sardegna,20,39.86708044,8.8236011314,670,495
2022-01-31 00:01:00,Liguria,7,44.177938535,8.817461962999998,656,339
2022-01-31 00:01:00,Basilicata,17,40.653491145000004,16.20153638,265,589
2022-01-31 00:01:00,Valle d'Aosta,2,45.73750286,7.320149366,84,24
2022-01-31 00:01:00,Campania,15,40.92723816000001,14.583892388,2262,1939
2022-01-31 00:01:00,Estero,-1,-1.0,-1.0,98,16
2022-01-31 00:01:00,Lazio,12,41.964455604,12.74106344,2101,438
2022-01-31 00:01:00,Puglia,16,40.88008174833333,17.009317835,787,321
2022-01-31 00:01:00,Marche,11,43.368189516,13.436142726,1739,1547
2022-01-31 00:01:00,Sicilia,19,37.57610475888889,14.274259175555555,3164,5168
2022-01-31 00:01:00,Calabria,18,38.812980146,16.344182868,267,141
2022-01-31 00:01:00,Veneto,5,45.529245151428576,11.858031792857144,4188,2418
2022-01-31 00:01:00,Abruzzo,13,42.4564388275,13.871007975,855,1188
2022-01-31 00:01:00,Lombardia,3,45.56078509583333,9.583767741666668,7877,2653
2022-02-28 00:01:00,Valle d'Aosta,2,45.73750286,7.320149366,-1,-1
2022-02-28 00:01:00,Umbria,10,42.833735495,12.51746724,61,77
2022-02-28 00:01:00,Veneto,5,45.529245151428576,11.858031792857144,277,256
2022-02-28 00:01:00,Toscana,9,43.627712522,10.895122839999999,494,498
2022-02-28 00:01:00,Abruzzo,13,42.4564388275,13.871007975,261,382
2022-02-28 00:01:00,Basilicata,17,40.65349114500001,16.20153638,91,202
2022-02-28 00:01:00,Calabria,18,38.81298014600001,16.344182868,63,75
2022-02-28 00:01:00,Campania,15,40.92723816,14.583892388,212,171
2022-02-28 00:01:00,Emilia-Romagna,8,44.580836732222224,11.260342458444445,611,679
2022-02-28 00:01:00,Estero,-1,-1.0,-1.0,-1,-1
2022-02-28 00:01:00,Friuli Venezia Giulia,6,45.9019810475,13.321282225000001,160,215
2022-02-28 00:01:00,Lazio,12,41.964455604,12.74106344,84,70
2022-02-28 00:01:00,Liguria,7,44.177938535,8.817461963,72,62
2022-02-28 00:01:00,Marche,11,43.368189515999994,13.436142726,244,243
2022-02-28 00:01:00,Molise,14,41.5728779,14.442457290000002,-1,-1
2022-02-28 00:01:00,Lombardia,3,45.56078509583333,9.583767741666668,447,285
2022-02-28 00:01:00,Sicilia,19,37.57610475888889,14.274259175555557,428,559
2022-02-28 00:01:00,P.A. Trento,4,46.06893511,11.12123097,-1,-1
2022-02-28 00:01:00,Sardegna,20,39.86708044,8.8236011314,110,190
2022-02-28 00:01:00,Piemonte,1,45.1920620725,8.212714241625001,431,624
2022-02-28 00:01:00,P.A. Bolzano,4,46.49933453,11.35662422,-1,-1
2022-02-28 00:01:00,Puglia,16,40.88008174833333,17.009317835,97,82
2022-03-31 00:01:00,Molise,14,41.5728779,14.44245729,6,-1
2022-03-31 00:01:00,Valle d'Aosta,2,45.73750286,7.320149366,-1,-1
2022-03-31 00:01:00,Sicilia,19,37.57610475888889,14.274259175555555,331,397
2022-03-31 00:01:00,Basilicata,17,40.653491145000004,16.20153638,54,126
2022-03-31 00:01:00,Sardegna,20,39.86708044,8.8236011314,71,112
2022-03-31 00:01:00,Calabria,18,38.812980146,16.344182868,40,52
2022-03-31 00:01:00,Campania,15,40.92723816000001,14.583892388,120,125
2022-03-31 00:01:00,Puglia,16,40.88008174833333,17.009317835,47,43
2022-03-31 00:01:00,Emilia-Romagna,8,44.580836732222224,11.260342458444445,515,466
2022-03-31 00:01:00,Piemonte,1,45.1920620725,8.212714241625001,219,216
2022-03-31 00:01:00,Friuli Venezia Giulia,6,45.9019810475,13.321282225000001,145,167
2022-03-31 00:01:00,Lazio,12,41.964455604,12.74106344,92,62
2022-03-31 00:01:00,P.A. Trento,4,46.06893511,11.12123097,10,-1
2022-03-31 00:01:00,Liguria,7,44.177938535,8.817461962999998,23,31
2022-03-31 00:01:00,Toscana,9,43.627712522,10.895122839999999,310,349
2022-03-31 00:01:00,Lombardia,3,45.56078509583333,9.583767741666668,344,198
2022-03-31 00:01:00,Marche,11,43.368189516,13.436142726,128,145
2022-03-31 00:01:00,Abruzzo,13,42.4564388275,13.871007975,146,231
2022-03-31 00:01:00,Umbria,10,42.833735495,12.51746724,93,91
2022-03-31 00:01:00,P.A. Bolzano,4,46.49933453,11.35662422,-1,-1
2022-03-31 00:01:00,Estero,-1,-1.0,-1.0,-1,-1
2022-03-31 00:01:00,Veneto,5,45.529245151428576,11.858031792857144,193,140
